faceoff_won,time_since_faceoff,mean,se,lower,upper,team_abbreviation,faceoff_zone
FALSE,0,0.000161891202162731,0.000124017405337423,-8.1182912298619e-05,0.000404965316624081,BOS,offense
FALSE,1,0.000224884459575012,0.00013812164974981,-4.58339739346166e-05,0.00049560289308464,BOS,offense
FALSE,2,0.000272387706342021,0.000144799927989269,-1.14201525169467e-05,0.000556195565200989,BOS,offense
FALSE,3,0.000311933376216293,0.000148425647975839,2.10191061836487e-05,0.000602847646248937,BOS,offense
FALSE,4,0.000346441959964441,0.000150432305399236,5.15946413819386e-05,0.000641289278546943,BOS,offense
FALSE,5,0.000377404882895283,0.000151473599374589,8.05166281210886e-05,0.000674293137669476,BOS,offense
FALSE,6,0.000405698937111349,0.000151905417102594,0.000107964319590264,0.000703433554632434,BOS,offense
FALSE,7,0.000431887836282379,0.000151932827697076,0.000134099493996109,0.000729676178568648,BOS,offense
FALSE,8,0.000456358235267265,0.000151686152166148,0.000159053377021615,0.000753663093512914,BOS,offense
FALSE,9,0.000479389027548773,0.000151257515375123,0.000182924297413533,0.000775853757684013,BOS,offense
FALSE,10,0.000501189671126604,0.000150714876626933,0.000205788512937815,0.000796590829315393,BOS,offense
FALSE,11,0.000521922702399378,0.000150108420985896,0.000227710197267022,0.000816135207531735,BOS,offense
FALSE,12,0.000541717615209283,0.000149475615086156,0.000248745409640417,0.00083468982077815,BOS,offense
FALSE,13,0.000560679780891249,0.000148845609824045,0.000268942385636121,0.000852417176146378,BOS,offense
FALSE,14,0.000578896403296505,0.000148242327181147,0.000288341442021456,0.000869451364571554,BOS,offense
FALSE,15,0.000596440638407114,0.000147686085541843,0.000306975910745102,0.000885905366069127,BOS,offense
FALSE,16,0.000613374540807955,0.000147194209655814,0.00032487388988256,0.00090187519173335,BOS,offense
FALSE,17,0.000629751236597313,0.000146781214209858,0.000342060056745991,0.000917442416448635,BOS,offense
FALSE,18,0.000645616570118323,0.000146458970828403,0.000358556987294653,0.000932676152941993,BOS,offense
FALSE,19,0.00066101038150956,0.000146237012823424,0.000374385836375649,0.000947634926643471,BOS,offense
FALSE,20,0.000675967517256266,0.000146122949895568,0.000389566535460953,0.00096236849905158,BOS,offense
FALSE,21,0.000690518642032982,0.000146122892846697,0.000404117772053456,0.000976919512012508,BOS,offense
FALSE,22,0.000704690898777986,0.000146241798311008,0.000418056974088411,0.000991324823467562,BOS,offense
FALSE,23,0.000718508450222422,0.000146483690471722,0.000431400416897847,0.001005616483547,BOS,offense
FALSE,24,0.000731992926092119,0.000146851764924058,0.000444163466840966,0.00101982238534327,BOS,offense
FALSE,25,0.000745163794145414,0.00014734841074692,0.000456360909081452,0.00103396667920938,BOS,offense
FALSE,26,0.000758038669028764,0.000147975196658027,0.000468007283579031,0.0010480700544785,BOS,offense
FALSE,27,0.000770633569960157,0.000148732860688353,0.000479117163010984,0.00106214997690933,BOS,offense
FALSE,28,0.000782963136073716,0.000149621327936639,0.000489705333317904,0.00107622093882953,BOS,offense
FALSE,29,0.0007950408066173,0.000150639764743359,0.000499786867720316,0.00109029474551428,BOS,offense
FALSE,30,0.000806878971922597,0.000151786664731223,0.0005093771090494,0.00110438083479579,BOS,offense
FALSE,31,0.000818489100057091,0.000153059954622096,0.000518491588997783,0.0011184866111164,BOS,offense
FALSE,32,0.000829881843249495,0.000154457105503053,0.000527145916463512,0.00113261777003548,BOS,offense
FALSE,33,0.000841067127507883,0.000155975236985137,0.000535355663017015,0.00114677859199875,BOS,offense
FALSE,34,0.00085205422829064,0.00015761120573689,0.000543136265046337,0.00116097219153494,BOS,offense
FALSE,35,0.000862851834621852,0.000159361674559312,0.0005505029524856,0.0011752007167581,BOS,offense
FALSE,36,0.000873468103648419,0.000161223162308628,0.000557470705523508,0.00118946550177333,BOS,offense
FALSE,37,0.000883910707303008,0.000163192077899852,0.000564054234619298,0.00120376717998672,BOS,offense
FALSE,38,0.000894186872456064,0.000165264743138855,0.000570267975903907,0.00121810576900822,BOS,offense
FALSE,39,0.000904303415702487,0.000167437409373357,0.000576126093330708,0.00123248073807427,BOS,offense
FALSE,40,0.000914266773728871,0.000169706272256641,0.000581642480105854,0.00124689106735189,BOS,offense
FALSE,41,0.000924083030039044,0.000172067487677924,0.000586830754190312,0.00126133530588777,BOS,offense
FALSE,42,0.000933757938675037,0.000174517190496839,0.000591704245301232,0.00127581163204884,BOS,offense
FALSE,43,0.000943296945453019,0.00017705151641048,0.000596275973288478,0.00129031791761756,BOS,offense
FALSE,44,0.000952705207136386,0.000179666626260328,0.000600558619666143,0.00130485179460663,BOS,offense
FALSE,45,0.000961987608887238,0.000182358731434629,0.000604564495275366,0.00131941072249911,BOS,offense
FALSE,46,0.00097114878027115,0.000185124118740797,0.000608305507539188,0.00133399205300311,BOS,offense
FALSE,47,0.000980193110035735,0.000187959173158297,0.000611793130645473,0.001348593089426,BOS,offense
FALSE,48,0.000989124759839137,0.000190860397151155,0.000615038381422873,0.0013632111382554,BOS,offense
FALSE,49,0.000997947677068745,0.000193824425628012,0.000618051802837842,0.00137784355129965,BOS,offense
FALSE,50,0.00100666560686176,0.000196848036099975,0.000620843456105804,0.00139248775761771,BOS,offense
FALSE,51,0.00101528210341594,0.000199928154032205,0.000623422921512814,0.00140714128531906,BOS,offense
FALSE,52,0.001023800540661,0.000203061853764217,0.00062579930728314,0.00142180177403887,BOS,offense
FALSE,53,0.00103222412234661,0.000206246355657101,0.000627981265258688,0.00143646697943452,BOS,offense
FALSE,54,0.00104055589159177,0.000209479020302087,0.000629977011799675,0.00145113477138386,BOS,offense
FALSE,55,0.00104879873993219,0.000212757340697733,0.000631794352164628,0.00146580312769974,BOS,offense
FALSE,56,0.00105695541589525,0.000216078933285869,0.000633440706654949,0.00148047012513555,BOS,offense
FALSE,57,0.00106502853312776,0.000219441528648755,0.000634923136976199,0.00149513392927932,BOS,offense
FALSE,58,0.00107302057809773,0.000222842962533662,0.000636248371531756,0.00150979278466371,BOS,offense
FALSE,59,0.00108093391738921,0.000226281167707508,0.000637422828682492,0.00152444500609592,BOS,offense
FALSE,60,0.00108877080460691,0.00022975416697255,0.000638452637340711,0.00153908897187311,BOS,offense
FALSE,61,0.0010965333869066,0.000233260067509914,0.000639343654587167,0.00155372311922603,BOS,offense
FALSE,62,0.00110422371116584,0.000236797056572524,0.000640101480283696,0.00156834594204799,BOS,offense
FALSE,63,0.00111184372980965,0.000240363398430394,0.000640731468886077,0.00158295599073322,BOS,offense
FALSE,64,0.0011193953063048,0.000243957432382758,0.000641238738834592,0.001597551873775,BOS,offense
FALSE,65,0.0011268802203367,0.000247577571594233,0.000641628180012003,0.0016121322606614,BOS,offense
FALSE,66,0.0011343001726823,0.00025122230248388,0.000641904459813892,0.0016266958855507,BOS,offense
FALSE,67,0.00114165678979259,0.000254890184393451,0.000642072028381424,0.00164124155120375,BOS,offense
FALSE,68,0.00114895162809809,0.000258579849279333,0.000642135123510598,0.00165576813268558,BOS,offense
FALSE,69,0.00115618617805054,0.00026229000120681,0.000642097775685192,0.00167027458041589,BOS,offense
FALSE,70,0.00116336186791398,0.000266019415469864,0.000641963813593045,0.00168475992223491,BOS,offense
FALSE,71,0.00117048006731815,0.000269766937210076,0.0006417368703864,0.0016992232642499,BOS,offense
FALSE,72,0.00117754209058691,0.000273531479459919,0.000641420390845473,0.00171366379032835,BOS,offense
FALSE,73,0.00118454919985418,0.000277312020585416,0.00064101763950676,0.00172808076020159,BOS,offense
FALSE,74,0.00119150260797939,0.000281107601147861,0.000640531709729586,0.0017424735062292,BOS,offense
FALSE,75,0.0011984034812746,0.000284917320242351,0.000639965533599588,0.0017568414289496,BOS,offense
FALSE,76,0.00120525294205415,0.000288740331400861,0.000639321892508467,0.00177118399159984,BOS,offense
FALSE,77,0.00121205207101844,0.000292575838169221,0.000638603428206772,0.00178550071383012,BOS,offense
FALSE,78,0.00121880190948194,0.000296423089480523,0.000637812654100112,0.00179979116486376,BOS,offense
FALSE,79,0.0012255034614558,0.000300281374952756,0.000636951966548394,0.0018140549563632,BOS,offense
FALSE,80,0.00123215769559467,0.000304150020236751,0.000636023655930636,0.0018282917352587,BOS,offense
FALSE,81,0.00123876554701688,0.000308028382532807,0.000635029917252576,0.00184250117678118,BOS,offense
FALSE,82,0.00124532791900663,0.00031191584638183,0.000633972860098248,0.00185668297791502,BOS,offense
FALSE,83,0.00125184568460656,0.000315811819820876,0.000632854517757641,0.00187083685145547,BOS,offense
FALSE,84,0.00125831968810823,0.000319715730974594,0.000631676855398022,0.00188496252081843,BOS,offense
FALSE,85,0.00126475074644802,0.000323627025134577,0.000630441777184249,0.00189905971571179,BOS,offense
FALSE,86,0.00127113965051512,0.000327545162358988,0.0006291511322915,0.00191312816873873,BOS,offense
FALSE,87,0.00127748716637796,0.000331469615605797,0.000627806719790596,0.00192716761296532,BOS,offense
FALSE,88,0.00128379403643521,0.000335399869395523,0.000626410292419985,0.00194117778045044,BOS,offense
FALSE,89,0.00129006098049664,0.000339335418983705,0.000624963559288579,0.0019551584017047,BOS,offense
FALSE,90,0.00129628869679916,0.000343275770010199,0.000623468187579174,0.00196910920601915,BOS,offense
FALSE,91,0.00130247786296271,0.000347220438581729,0.000621925803342526,0.0019830299225829,BOS,offense
FALSE,92,0.00130862913689044,0.000351168951736227,0.000620337991487434,0.00199692028229344,BOS,offense
FALSE,93,0.00131474315761715,0.000355120848232263,0.000618706295081918,0.00201078002015239,BOS,offense
FALSE,94,0.00132082054610986,0.000359075679604166,0.000617032214085692,0.00202460887813402,BOS,offense
FALSE,95,0.0013268619060238,0.000363033011423248,0.000615317203634232,0.00203840660841336,BOS,offense
FALSE,96,0.00133286782441715,0.00036699242470731,0.000613562671990819,0.00205217297684347,BOS,offense
FALSE,97,0.00133883887242717,0.000370953517424374,0.000611769978275401,0.00206590776657895,BOS,offense
FALSE,98,0.00134477560591067,0.000374915906041886,0.000609940430068575,0.00207961078175277,BOS,offense
FALSE,99,0.00135067856605092,0.000378879227079061,0.000608075280975964,0.00209328185112588,BOS,offense
FALSE,100,0.00135654827993352,0.00038284313862758,0.000606175728223461,0.00210692083164358,BOS,offense
TRUE,0,0.000161891202162731,0.000124017405337423,-8.11829122986186e-05,0.000404965316624081,BOS,offense
TRUE,1,0.000525478483266558,0.000272395965544199,-8.4176092000714e-06,0.00105937457573319,BOS,offense
TRUE,2,0.0010527146544424,0.00044955772864971,0.000171581506288966,0.00193384780259583,BOS,offense
TRUE,3,0.00165837481177762,0.000597266929599302,0.000487731629762987,0.00282901799379225,BOS,offense
TRUE,4,0.00222383226501951,0.000690073925993578,0.000871287370072101,0.00357637715996693,BOS,offense
TRUE,5,0.00266120768985767,0.000729318308291155,0.00123174380560701,0.00409067157410834,BOS,offense
TRUE,6,0.00293946660093358,0.000736093288560941,0.00149672375535414,0.00438220944651303,BOS,offense
TRUE,7,0.00307245421050198,0.000721757732384884,0.0016578090550276,0.00448709936597635,BOS,offense
TRUE,8,0.00309482891031683,0.000692779537354145,0.0017369810171027,0.00445267680353095,BOS,offense
TRUE,9,0.00304363163647448,0.000657159650500025,0.00175559872149443,0.00433166455145452,BOS,offense
TRUE,10,0.00294935540259575,0.000621436554422882,0.0017313397559269,0.0041673710492646,BOS,offense
TRUE,11,0.00283375322884302,0.000588341251116986,0.00168060437665373,0.00398690208103231,BOS,offense
TRUE,12,0.00271086868219352,0.000557981059227773,0.00161722580610708,0.00380451155827995,BOS,offense
TRUE,13,0.00258901626134934,0.00052984700813813,0.0015505161253986,0.00362751639730007,BOS,offense
TRUE,14,0.00247265894874099,0.000503786672263078,0.00148523707110536,0.00346008082637662,BOS,offense
TRUE,15,0.00236385041954784,0.000479998282926899,0.00142305378501112,0.00330464705408456,BOS,offense
TRUE,16,0.00226323085568915,0.000458699594926974,0.00136417964963228,0.00316228206174602,BOS,offense
TRUE,17,0.00217066974117781,0.000439892822056607,0.00130847980994686,0.00303285967240876,BOS,offense
TRUE,18,0.00208565999802367,0.00042332883093103,0.00125593548939885,0.00291538450664849,BOS,offense
TRUE,19,0.00200754815686989,0.000408605961233359,0.0012066804728525,0.00280841584088727,BOS,offense
TRUE,20,0.00193566110974863,0.000395302902437443,0.00116086742097124,0.00271045479852602,BOS,offense
TRUE,21,0.00186936994730536,0.000383076632725683,0.00111853974716302,0.0026202001474477,BOS,offense
TRUE,22,0.0018081169054324,0.000371702708226926,0.00107957959730763,0.00253665421355718,BOS,offense
TRUE,23,0.00175142167870996,0.000361067428772255,0.00104372951831634,0.00245911383910358,BOS,offense
TRUE,24,0.0016988770120029,0.000351133668689864,0.00101065502137077,0.00238709900263504,BOS,offense
TRUE,25,0.00165013945135112,0.000341900735646339,0.000980014009484293,0.00232026489321794,BOS,offense
TRUE,26,0.00160491861653097,0.000333371544037934,0.000951510390216624,0.00225832684284533,BOS,offense
TRUE,27,0.00156296680689309,0.000325532862393824,0.000924922396601192,0.00220101121718498,BOS,offense
TRUE,28,0.00152406981516954,0.000318348689034976,0.000900106384660983,0.00214803324567809,BOS,offense
TRUE,29,0.00148803927384762,0.000311763486454869,0.000876982840396074,0.00209909570729916,BOS,offense
TRUE,30,0.00145470655057638,0.00030571082269332,0.000855513338097472,0.00205389976305529,BOS,offense
TRUE,31,0.00142391805043671,0.000300123332607574,0.000835676318525868,0.00201215978234756,BOS,offense
TRUE,32,0.00139553171463843,0.000294941114770527,0.000817447129688193,0.00197361629958866,BOS,offense
TRUE,33,0.00136941448955449,0.000290117088458368,0.000800784996176087,0.00193804398293289,BOS,offense
TRUE,34,0.00134544055304198,0.000285619024812144,0.000785627264410181,0.00190525384167379,BOS,offense
TRUE,35,0.0013234901118347,0.000281428751213773,0.000771889759455706,0.0018750904642137,BOS,offense
TRUE,36,0.00130344861542981,0.000277539407821824,0.000759471376099036,0.00184742585476058,BOS,offense
TRUE,37,0.00128520626317834,0.000273951706484525,0.00074826091846867,0.00182215160788801,BOS,offense
TRUE,38,0.00126865770953612,0.000270670023424816,0.000738144463623479,0.00179917095544876,BOS,offense
TRUE,39,0.0012537018964833,0.000267698947388436,0.000729011959601969,0.00177839183336464,BOS,offense
TRUE,40,0.00124024196173765,0.000265040672019259,0.000720762244579905,0.0017597216788954,BOS,offense
TRUE,41,0.00122818518684037,0.000262693405135455,0.00071330611277488,0.00174306426090586,BOS,offense
TRUE,42,0.00121744296100012,0.000260650789503426,0.000706567413573402,0.00172831850842683,BOS,offense
TRUE,43,0.00120793074534535,0.000258902199218214,0.000700482434877645,0.00171537905581305,BOS,offense
TRUE,44,0.00119956802855348,0.000257433695061053,0.000694997986233812,0.00170413807087314,BOS,offense
TRUE,45,0.00119227826923659,0.000256229387912434,0.00069006866892822,0.00169448786954496,BOS,offense
TRUE,46,0.0011859888234292,0.000255272963871522,0.000685653814241019,0.00168632383261739,BOS,offense
TRUE,47,0.00118063085742171,0.000254549157733709,0.000681714508263636,0.00167954720657978,BOS,offense
TRUE,48,0.00117613924731451,0.00025404501146279,0.000678211024847441,0.00167406746978158,BOS,offense
TRUE,49,0.00117245246726402,0.00025375081068136,0.000675100878328559,0.00166980405619949,BOS,offense
TRUE,50,0.00116951246862808,0.000253660646668305,0.000672337601158205,0.00166668733609796,BOS,offense
TRUE,51,0.00116726455222256,0.000253772598437448,0.000669870259285157,0.00166465884515995,BOS,offense
TRUE,52,0.00116565723576589,0.000254088566446837,0.000667643645530091,0.00166367082600169,BOS,offense
TRUE,53,0.00116464211837702,0.00025461381572023,0.000665599039565368,0.00166368519718867,BOS,offense
TRUE,54,0.0011641737437487,0.000255356302321694,0.000663675391198177,0.00166467209629922,BOS,offense
TRUE,55,0.00116420946337002,0.000256325864481631,0.000661810768986023,0.00166660815775402,BOS,offense
TRUE,56,0.00116470930093585,0.00025753335963757,0.000659943916046215,0.00166947468582549,BOS,offense
TRUE,57,0.00116563581886627,0.000258989822555711,0.000658015766657072,0.00167325587107546,BOS,offense
TRUE,58,0.00116695398767051,0.000260705708780742,0.000655970798460259,0.00167793717688077,BOS,offense
TRUE,59,0.00116863105872742,0.000262690273153196,0.000653758123347159,0.00168350399410769,BOS,offense
TRUE,60,0.00117063644091738,0.000264951116354203,0.00065133225286314,0.00168994062897162,BOS,offense
TRUE,61,0.001172941581427,0.000267493914818089,0.000648653508383549,0.00169722965447046,BOS,offense
TRUE,62,0.00117551985095388,0.000270322332378535,0.000645688079491951,0.00170535162241581,BOS,offense
TRUE,63,0.00117834643346238,0.000273438097080032,0.000642407763185513,0.00171428510373924,BOS,offense
TRUE,64,0.00118139822057943,0.000276841214832461,0.000638789439507804,0.00172400700165105,BOS,offense
TRUE,65,0.00118465371066916,0.000280530283743853,0.000634814354531205,0.00173449306680711,BOS,offense
TRUE,66,0.00118809291258483,0.000284502869281208,0.000630467288793663,0.001745718536376,BOS,offense
TRUE,67,0.00119169725406402,0.000288755900652885,0.000625735688784369,0.00175765881934368,BOS,offense
TRUE,68,0.00119544949470654,0.000293286052365787,0.000620608832069596,0.00177029015734348,BOS,offense
TRUE,69,0.00119933364345336,0.000298090080931358,0.000615077084827903,0.00178359020207883,BOS,offense
TRUE,70,0.0012033348804676,0.000303165094231645,0.00060913129577358,0.00179753846516163,BOS,offense
TRUE,71,0.00120743948330425,0.00030850873920817,0.000602762354456231,0.00181211661215226,BOS,offense
TRUE,72,0.0012116347572444,0.000314119301535327,0.000595960926235154,0.00182730858825364,BOS,offense
TRUE,73,0.00121590896966034,0.000319995718198505,0.00058871736199127,0.00184310057732941,BOS,offense
TRUE,74,0.00122025128827038,0.000326137510018172,0.000581021768634766,0.001859480807906,BOS,offense
TRUE,75,0.00122465172313706,0.000332544645916852,0.000572864217140034,0.00187643922913409,BOS,offense
TRUE,76,0.0012291010722578,0.000339217354031804,0.000564235058355463,0.00189396708616014,BOS,offense
TRUE,77,0.00123359087059424,0.000346155896655294,0.000555125313149859,0.00191205642803861,BOS,offense
TRUE,78,0.00123811334238471,0.000353360326541536,0.000545527102363302,0.00193069958240612,BOS,offense
TRUE,79,0.00124266135658362,0.000360830241516732,0.000535434083210822,0.00194988862995641,BOS,offense
TRUE,80,0.00124722838527149,0.000368564552768434,0.000524841861845354,0.00196961490869762,BOS,offense
TRUE,81,0.00125180846488098,0.000376561279899933,0.000513748356277112,0.00198986857348485,BOS,offense
TRUE,82,0.00125639616008577,0.000384817383053026,0.000502154089301835,0.0020106382308697,BOS,offense
TRUE,83,0.001260986530202,0.000393328639364718,0.000490062397047157,0.00203191066335685,BOS,offense
TRUE,84,0.00126557509795536,0.000402089567951076,0.000477479544771251,0.00205367065113947,BOS,offense
TRUE,85,0.00127015782047059,0.000411093404697923,0.00046441474726266,0.00207590089367852,BOS,offense
TRUE,86,0.00127473106234481,0.000420332125538569,0.000450880096289217,0.00209858202840041,BOS,offense
TRUE,87,0.00127929157067074,0.000429796514725574,0.000436890401808615,0.00212169273953286,BOS,offense
TRUE,88,0.00128383645188089,0.000439476272921625,0.000422462956954501,0.00214520994680727,BOS,offense
TRUE,89,0.00128836315028951,0.000449360158765977,0.000407617239108191,0.00216910906147082,BOS,offense
TRUE,90,0.0012928694282145,0.000459436156901167,0.000392374560688215,0.00219336429574079,BOS,offense
TRUE,91,0.00129735334756715,0.000469691665222761,0.000376757683730542,0.00221794901140376,BOS,offense
TRUE,92,0.00130181325280353,0.00048011369427669,0.000360790412021215,0.00224283609358584,BOS,offense
TRUE,93,0.00130624775513716,0.000490689072195795,0.000344497173633398,0.00226799833664091,BOS,offense
TRUE,94,0.00131065571791828,0.000501404649259197,0.000327902605370256,0.00229340883046631,BOS,offense
TRUE,95,0.0013150362430909,0.000512247496998782,0.000311031148973284,0.00231904133720851,BOS,offense
TRUE,96,0.00131938865864419,0.000523205097698019,0.000293906667156075,0.00234487065013231,BOS,offense
TRUE,97,0.00132371250698057,0.000534265521073649,0.00027655208567622,0.00237087292828492,BOS,offense
TRUE,98,0.00132800753412774,0.000545417585855565,0.000258989065850838,0.00239702600240465,BOS,offense
TRUE,99,0.00133227367972739,0.000556651004852949,0.000241237710215613,0.00242330964923917,BOS,offense
TRUE,100,0.00133651106773776,0.000567956512893284,0.000223316302466927,0.0024497058330086,BOS,offense
FALSE,0,4.84790267543776e-05,4.89673059330039e-05,-4.749689287431e-05,0.000144454946383065,BOS,defense
FALSE,1,0.000208255670682667,0.000145800365862106,-7.75130464070616e-05,0.000494024387772395,BOS,defense
FALSE,2,0.000448961121366427,0.000265422831839233,-7.1267629038469e-05,0.000969189871771323,BOS,defense
FALSE,3,0.00071255578896945,0.000366582262754983,-5.9454460303171e-06,0.00143105702396922,BOS,defense
FALSE,4,0.000943902999022853,0.000430225606528931,0.000100660810226149,0.00178714518781956,BOS,defense
FALSE,5,0.00110952038166967,0.000456519481408912,0.0002147421981082,0.00200429856523113,BOS,defense
FALSE,6,0.00120248921948069,0.000457184616646609,0.000306407370853336,0.00209857106810804,BOS,defense
FALSE,7,0.00123429267703318,0.00044186502390227,0.000368237230184732,0.00210034812388163,BOS,defense
FALSE,8,0.00122335824489993,0.000417714281507963,0.000404638253144323,0.00204207823665554,BOS,defense
FALSE,9,0.00118715083712822,0.000390633246366256,0.000421509674250361,0.00195279200000609,BOS,defense
FALSE,10,0.0011388881388794,0.000364507095942097,0.000424454230832885,0.00185332204692591,BOS,defense
FALSE,11,0.00108723531864392,0.000341014636812224,0.000418846630491957,0.00175562400679587,BOS,defense
FALSE,12,0.0010372347284775,0.000320439554584462,0.000409173201491954,0.00166529625546305,BOS,defense
FALSE,13,0.00099144696223488,0.000302559249102776,0.000398430833993438,0.00158446309047632,BOS,defense
FALSE,14,0.000950893391458821,0.000287108820033187,0.000388160104193774,0.00151362667872387,BOS,defense
FALSE,15,0.00091571736535661,0.000273883411842589,0.000378905878145137,0.00145252885256808,BOS,defense
FALSE,16,0.000885606480810954,0.000262694676010595,0.000370724915830187,0.00140048804579172,BOS,defense
FALSE,17,0.000860045036548721,0.000253321993073447,0.000363533930124764,0.00135655614297268,BOS,defense
FALSE,18,0.000838456476965798,0.000245503406732822,0.000357269799769467,0.00131964315416213,BOS,defense
FALSE,19,0.000820278578715772,0.000238958979239161,0.000351918979407017,0.00128863817802453,BOS,defense
FALSE,20,0.000804999231728622,0.000233424512144579,0.000347487187925248,0.001262511275532,BOS,defense
FALSE,21,0.000792170009165887,0.000228678092179505,0.000343960948494057,0.00124037906983772,BOS,defense
FALSE,22,0.000781407778547753,0.00022455197255995,0.000341285912330252,0.00122152964476525,BOS,defense
FALSE,23,0.000772390311720153,0.000220930524033745,0.000339366484614014,0.00120541413882629,BOS,defense
FALSE,24,0.000764849275283571,0.000217739144383066,0.000338080552292762,0.00119161799827438,BOS,defense
FALSE,25,0.000758562467224259,0.000214929748753597,0.000337300159667209,0.00117982477478131,BOS,defense
FALSE,26,0.000753346284826711,0.000212467279702045,0.000336910416610701,0.00116978215304272,BOS,defense
FALSE,27,0.000749048902754595,0.000210319834383114,0.000336822027363692,0.0011612757781455,BOS,defense
FALSE,28,0.000745544353053753,0.000208453260321222,0.000336975962824158,0.00115411274328335,BOS,defense
FALSE,29,0.000742727539567857,0.000206829776937616,0.00033734117677013,0.00114811390236558,BOS,defense
FALSE,30,0.000740510134682846,0.000205409445571733,0.00033790762136225,0.00114311264800344,BOS,defense
FALSE,31,0.00073881726536205,0.000204153091356622,0.000338677206303071,0.00113895732442103,BOS,defense
FALSE,32,0.000737584879814118,0.000203025439955628,0.000339655017501086,0.00113551474212715,BOS,defense
FALSE,33,0.000736757684969235,0.000201997599660643,0.000340842389634374,0.0011326729803041,BOS,defense
FALSE,34,0.000736287551681301,0.000201048439195357,0.000342232610858402,0.0011303424925042,BOS,defense
FALSE,35,0.000736132295261543,0.000200164776281884,0.00034380933374905,0.00112845525677404,BOS,defense
FALSE,36,0.000736254751190136,0.000199340549562841,0.000345547274046968,0.0011269622283333,BOS,defense
FALSE,37,0.000736622078227003,0.00019857528876931,0.000347414512239156,0.00112582964421485,BOS,defense
FALSE,38,0.00073720523284328,0.000197872242614558,0.000349375637318747,0.00112503482836781,BOS,defense
FALSE,39,0.00073797856949854,0.000197236497887274,0.000351395033639484,0.0011245621053576,BOS,defense
FALSE,40,0.000738919530615785,0.000196673353567553,0.000353439757623381,0.00112439930360819,BOS,defense
FALSE,41,0.000740008398122702,0.00019618712318401,0.000355481636682043,0.00112453515956336,BOS,defense
FALSE,42,0.000741228085187584,0.000195780444713511,0.000357498413549103,0.00112495775682606,BOS,defense
FALSE,43,0.000742563952380398,0.000195454093063821,0.00035947392997531,0.00112565397478549,BOS,defense
FALSE,44,0.000744003637055322,0.000195207224250389,0.00036139747752456,0.00112660979658608,BOS,defense
FALSE,45,0.000745536888406775,0.000195037937340756,0.000363262531218893,0.00112781124559466,BOS,defense
FALSE,46,0.000747155403520871,0.000194944020766108,0.000365065122819299,0.00112924568422244,BOS,defense
FALSE,47,0.000748852661944406,0.000194923751063817,0.000366802109859324,0.00113090321402949,BOS,defense
FALSE,48,0.000750623757930194,0.000194976629609685,0.000368469563895211,0.00113277795196518,BOS,defense
FALSE,49,0.000752465230686856,0.000195103970490727,0.000370061448525032,0.00113486901284868,BOS,defense
FALSE,50,0.000754374893748281,0.0001953092845822,0.00037156869596717,0.00113718109152939,BOS,defense
FALSE,51,0.000756351665058017,0.000195598436360553,0.000372978729791333,0.0011397246003247,BOS,defense
FALSE,52,0.000758395399603007,0.000195979577657,0.000374275427395287,0.00114251537181073,BOS,defense
FALSE,53,0.000760506726485588,0.000196462884507536,0.000375439472850817,0.00114557398012036,BOS,defense
FALSE,54,0.000762686892241971,0.000197060138726248,0.000376449020338525,0.00114892476414542,BOS,defense
FALSE,55,0.000764937612039531,0.000197784204876993,0.000377280570480625,0.00115259465359844,BOS,defense
FALSE,56,0.000767260930148752,0.000198648456492901,0.000377909955422665,0.00115661190487484,BOS,defense
FALSE,57,0.000769659090815564,0.000199666203498954,0.000378313331957614,0.00116100484967351,BOS,defense
FALSE,58,0.000772134420377784,0.000200850166767682,0.000378468093513128,0.00116580074724244,BOS,defense
FALSE,59,0.000774689221191749,0.00020221203659923,0.000378353629457259,0.00117102481292624,BOS,defense
FALSE,60,0.00077732567767412,0.000203762140747565,0.000377951881808892,0.00117669947353935,BOS,defense
FALSE,61,0.000780045774527046,0.000205509235539941,0.000377247672868762,0.00118284387618533,BOS,defense
FALSE,62,0.00078285122700753,0.000207460421772123,0.000376228800334168,0.00118947365368089,BOS,defense
FALSE,63,0.000785743422926185,0.000209621176427812,0.000374885917127673,0.0011966009287247,BOS,defense
FALSE,64,0.000788723375916863,0.000211995482693262,0.000373212229838071,0.00120423452199566,BOS,defense
FALSE,65,0.000791791689405862,0.000214586034764101,0.000371203061268224,0.0012123803175435,BOS,defense
FALSE,66,0.000794948530625182,0.000217394490789457,0.000368855328677847,0.00122104173257252,BOS,defense
FALSE,67,0.000798193613955754,0.000220421746866841,0.000366166990096746,0.00123022023781476,BOS,defense
FALSE,68,0.000801526192850499,0.000223668206918702,0.000363136507289843,0.00123991587841116,BOS,defense
FALSE,69,0.000804945059569873,0.000227134026999748,0.000359762366650367,0.00125012775248938,BOS,defense
FALSE,70,0.000808448551961179,0.00023081931747394,0.000356042689712256,0.0012608544142101,BOS,defense
FALSE,71,0.000812034566523962,0.000234724291944636,0.000351974954312474,0.00127209417873545,BOS,defense
FALSE,72,0.00081570057702454,0.000238849357280471,0.000347555836754817,0.00128384531729426,BOS,defense
FALSE,73,0.000819443657950571,0.000243195144128397,0.000342781175458912,0.00129610614044223,BOS,defense
FALSE,74,0.000823260512129558,0.000247762481646637,0.00033764604810215,0.00130887497615697,BOS,defense
FALSE,75,0.000827147501871277,0.000252552323643806,0.000332144947529417,0.00132215005621314,BOS,defense
FALSE,76,0.000831100683032191,0.00025756563579933,0.000326272036865505,0.00133592932919888,BOS,defense
FALSE,77,0.00083511584143852,0.000262803255164098,0.000320021461316889,0.00135021022156015,BOS,defense
FALSE,78,0.000839188531143418,0.000268265733759542,0.000313387692974715,0.00136498936931212,BOS,defense
FALSE,79,0.000843314114031603,0.000273953177908476,0.000306365885330991,0.00138026234273222,BOS,defense
FALSE,80,0.000847487800321779,0.000279865094072332,0.00029895221594001,0.00139602338470355,BOS,defense
FALSE,81,0.000851704689552897,0.000286000250583667,0.000291144198408909,0.00141226518069688,BOS,defense
FALSE,82,0.000855959811674837,0.000292356562905841,0.00028294094837939,0.00142897867497029,BOS,defense
FALSE,83,0.000860248167897133,0.000298931008078941,0.000274343392062409,0.00144615294373186,BOS,defense
FALSE,84,0.000864564770981315,0.00030571957196892,0.000265354409922231,0.0014637751320404,BOS,defense
FALSE,85,0.000868904684693331,0.000312717230956395,0.000255978912018796,0.00148183045736787,BOS,defense
FALSE,86,0.000873263062162164,0.000319917967890378,0.000246223845097023,0.0015003022792273,BOS,defense
FALSE,87,0.000877635182919914,0.000327314820571771,0.000236098134599243,0.00151917223124058,BOS,defense
FALSE,88,0.000882016488426625,0.000334899959773774,0.000225612567270028,0.00153842040958322,BOS,defense
FALSE,89,0.000886402615910696,0.000342664792876199,0.000214779621873345,0.00155802560994805,BOS,defense
FALSE,90,0.000890789430382602,0.000350600088586335,0.000203613256753385,0.00157796560401182,BOS,defense
FALSE,91,0.000895173054705909,0.00035869611791991,0.000192128663582886,0.00159821744582893,BOS,defense
FALSE,92,0.000899549897635177,0.000366942806584628,0.000180341996729307,0.00161875779854105,BOS,defense
FALSE,93,0.000903916679755488,0.00037532989410108,0.000168270087317371,0.0016395632721936,BOS,defense
FALSE,94,0.000908270457282564,0.000383847095361729,0.000155930150373575,0.00166061076419155,BOS,defense
FALSE,95,0.000912608643706092,0.000392484260819949,0.000143339492498993,0.00168187779491319,BOS,defense
FALSE,96,0.000916929029281548,0.00040123153207306,0.00013051522641835,0.00170334283214475,BOS,defense
FALSE,97,0.000921229798397706,0.000410079490217326,0.000117473997571747,0.00172498559922367,BOS,defense
FALSE,98,0.000925509544867525,0.000419019294977223,0.000104231726712167,0.00174678736302288,BOS,defense
FALSE,99,0.000929767285210061,0.000428042813222045,9.08033712948526e-05,0.00176873119912527,BOS,defense
FALSE,100,0.000934002470008948,0.000437142736061728,7.72027073279609e-05,0.00179080223268994,BOS,defense
TRUE,0,4.84790267543776e-05,4.89673059330039e-05,-4.74968928743101e-05,0.000144454946383065,BOS,defense
TRUE,1,8.19019271031871e-05,6.75107675383673e-05,-5.04191772720128e-05,0.000214223031478387,BOS,defense
TRUE,2,0.000111336468563844,8.00787166739612e-05,-4.56178161171203e-05,0.000268290753244808,BOS,defense
TRUE,3,0.000138466339825956,8.95164437220326e-05,-3.69858898692276e-05,0.00031391856952114,BOS,defense
TRUE,4,0.000164008950793457,9.69522394167378e-05,-2.6017438463349e-05,0.000354035340050263,BOS,defense
TRUE,5,0.000188356128970129,0.000102975483951533,-1.34758195748752e-05,0.000390188077515134,BOS,defense
TRUE,6,0.000211753322952781,0.000107943774552212,1.83524830445062e-07,0.000423323121075117,BOS,defense
TRUE,7,0.000234368440346632,0.00011209260049609,1.46669433742956e-05,0.000454069937318968,BOS,defense
TRUE,8,0.000256323377944371,0.000115587961952741,2.97709725169995e-05,0.000482875783371743,BOS,defense
TRUE,9,0.000277710350925344,0.000118553597569063,4.53452996899804e-05,0.000510075402160707,BOS,defense
TRUE,10,0.000298601207768583,0.000121085064018184,6.12744822929424e-05,0.000535927933244223,BOS,defense
TRUE,11,0.000319053180987203,0.000123257814389185,7.74678647844009e-05,0.000560638497190005,BOS,defense
TRUE,12,0.000339112671279413,0.000125132688558972,9.3852601703828e-05,0.000584372740854998,BOS,defense
TRUE,13,0.000358817864198007,0.000126759952116869,0.000110368358048943,0.00060726737034707,BOS,defense
TRUE,14,0.000378200607692853,0.000128182181921129,0.000126963531127441,0.000629437684258266,BOS,defense
TRUE,15,0.00039728779563448,0.000129436194783573,0.000143592853858676,0.000650982737410283,BOS,defense
TRUE,16,0.000416102406509739,0.000130554283611396,0.000160216010631403,0.000671988802388076,BOS,defense
TRUE,17,0.000434664293385281,0.000131565033603502,0.000176796827522416,0.000692531759248146,BOS,defense
TRUE,18,0.000452990790152499,0.000132493923586926,0.000193302699922123,0.000712678880382874,BOS,defense
TRUE,19,0.000471097179840774,0.000133363825278727,0.00020970408229447,0.000732490277387079,BOS,defense
TRUE,20,0.000488997058256982,0.000134195438979718,0.000225973997856734,0.00075202011865723,BOS,defense
TRUE,21,0.000506702617657916,0.000135007663851086,0.000242087596509788,0.000771317638806044,BOS,defense
TRUE,22,0.000524224869096365,0.000135817890328205,0.000258021804053084,0.000790427934139647,BOS,defense
TRUE,23,0.000541573817646253,0.000136642209055498,0.000273755087897477,0.000809392547395028,BOS,defense
TRUE,24,0.000558758601396452,0.000137495543024143,0.000289267337069132,0.000828249865723771,BOS,defense
TRUE,25,0.000575787602584996,0.000138391719571048,0.000304539832225742,0.00084703537294425,BOS,defense
TRUE,26,0.00059266853731393,0.000139343503326322,0.000319555270794339,0.000865781803833521,BOS,defense
TRUE,27,0.00060940852879469,0.000140362610170876,0.000334297812859773,0.000884519244729606,BOS,defense
TRUE,28,0.000626014167920251,0.000141459717591782,0.000348753121440359,0.000903275214400143,BOS,defense
TRUE,29,0.000642491564067016,0.00014264448071455,0.000362908381866498,0.000922074746267534,BOS,defense
TRUE,30,0.000658846388338268,0.000143925557574303,0.000376752295492635,0.000940940481183901,BOS,defense
TRUE,31,0.000675083910927742,0.000145310642970253,0.000390275050706046,0.000959892771149438,BOS,defense
TRUE,32,0.000691209033871758,0.000146806507916672,0.00040346827835508,0.000978949789388435,BOS,defense
TRUE,33,0.000707226320144272,0.000148419041096541,0.000416324999595052,0.000998127640693491,BOS,defense
TRUE,34,0.000723140019810195,0.000150153289362023,0.000428839572660631,0.00101744046695976,BOS,defense
TRUE,35,0.00073895409377116,0.000152013495625231,0.000441007642345707,0.00103690054519661,BOS,defense
TRUE,36,0.000754672235501954,0.000154003133914255,0.000452826093030014,0.00105651837797389,BOS,defense
TRUE,37,0.000770297891074247,0.000156124942546673,0.000464293003682768,0.00107630277846573,BOS,defense
TRUE,38,0.000785834277689238,0.000158380957083867,0.000475407601804859,0.00109626095357362,BOS,defense
TRUE,39,0.000801284400885923,0.000160772544921531,0.000486170212839723,0.00111639858893212,BOS,defense
TRUE,40,0.000816651070551957,0.000163300443112607,0.000496582202051247,0.00113671993905267,BOS,defense
TRUE,41,0.000831936915835679,0.000165964800446927,0.000506645906959702,0.00115722792471166,BOS,defense
TRUE,42,0.000847144399037957,0.000168765224090441,0.000516364559820693,0.00117792423825522,BOS,defense
TRUE,43,0.000862275828548566,0.000171700830367585,0.0005257422010281,0.00119880945606903,BOS,defense
TRUE,44,0.000877333370882588,0.000174770298669673,0.000534783585490028,0.00121988315627515,BOS,defense
TRUE,45,0.000892319061865893,0.000177971927061565,0.000543494084825226,0.00124114403890656,BOS,defense
TRUE,46,0.000907234817014782,0.000181303687964744,0.000551879588603885,0.00126259004542568,BOS,defense
TRUE,47,0.000922082441152198,0.000184763282306271,0.000559946407831906,0.00128421847447249,BOS,defense
TRUE,48,0.000936863637301163,0.000188348190702641,0.000567701183523986,0.00130602609107834,BOS,defense
TRUE,49,0.00095158001489496,0.000192055720544185,0.000575150802628358,0.00132800922716156,BOS,defense
TRUE,50,0.000966233097342757,0.000195883048204367,0.000582302322862198,0.00135016387182332,BOS,defense
TRUE,51,0.000980824328988538,0.000199827255969312,0.000589162907288685,0.00137248575068839,BOS,defense
TRUE,52,0.000995355081500469,0.000203885363625695,0.000595739768794107,0.00139497039420683,BOS,defense
TRUE,53,0.00100982665972712,0.000208054354932193,0.000602040124060025,0.00141761319539422,BOS,defense
TRUE,54,0.00102424030705585,0.000212331199415092,0.000608071156202266,0.00144040945790943,BOS,defense
TRUE,55,0.00103859721030768,0.000216712870068074,0.000613839984974254,0.0014633544356411,BOS,defense
TRUE,56,0.00105289850420203,0.000221196357603658,0.00061935364329886,0.0014864433651052,BOS,defense
TRUE,57,0.00106714527542289,0.000225778681909069,0.00062461905888112,0.00150967149196467,BOS,defense
TRUE,58,0.00108133856631726,0.00023045690131624,0.000629643039737429,0.00153303409289709,BOS,defense
TRUE,59,0.00109547937825459,0.000235228120218479,0.000634432262626374,0.00155652649388281,BOS,defense
TRUE,60,0.00110956867467513,0.0002400894954696,0.000638993263554714,0.00158014408579555,BOS,defense
TRUE,61,0.00112360738385282,0.000245038241897253,0.000643332429734205,0.00160388233797144,BOS,defense
TRUE,62,0.00113759640139747,0.000250071637161055,0.000647455992561805,0.00162773681023314,BOS,defense
TRUE,63,0.00115153659251895,0.000255187026095437,0.000651370021371893,0.001651703163666,BOS,defense
TRUE,64,0.00116542879407481,0.000260381824601636,0.000655080417855605,0.00167577717029402,BOS,defense
TRUE,65,0.00117927381642127,0.000265653523095593,0.000658592911153907,0.00169995472168863,BOS,defense
TRUE,66,0.00119307244508583,0.000270999689479087,0.000661913053706818,0.00172423183646484,BOS,defense
TRUE,67,0.00120682544227869,0.000276417971579211,0.000665046217983433,0.00174860466657394,BOS,defense
TRUE,68,0.00122053354825854,0.000281906098994304,0.000667997594229701,0.00177306950228737,BOS,defense
TRUE,69,0.00123419748256711,0.000287461884289606,0.000670772189359482,0.00179762277577474,BOS,defense
TRUE,70,0.00124781794514572,0.000293083223500515,0.000673374827084712,0.00182226106320673,BOS,defense
TRUE,71,0.00126139561734583,0.000298768095921894,0.000675810149338916,0.00184698108535274,BOS,defense
TRUE,72,0.00127493116284447,0.000304514563185858,0.000678082619000194,0.00187177970668876,BOS,defense
TRUE,73,0.00128842522847476,0.000310320767655121,0.000680196523870722,0.00189665393307879,BOS,defense
TRUE,74,0.00130187844498019,0.000316184930182319,0.000682155981822847,0.00192160090813754,BOS,defense
TRUE,75,0.00131529142770125,0.000322105347306204,0.000683964946981088,0.00194661790842141,BOS,defense
TRUE,76,0.00132866477720137,0.000328080387972015,0.00068562721677622,0.00197170233762652,BOS,defense
TRUE,77,0.00134199907983916,0.000334108489875184,0.000687146439683803,0.00199685171999452,BOS,defense
TRUE,78,0.0013552949082927,0.000340188155534454,0.000688526123445166,0.00202206369314023,BOS,defense
TRUE,79,0.00136855282204128,0.000346317948202675,0.000689769643564039,0.00204733600051853,BOS,defense
TRUE,80,0.00138177336780946,0.000352496487721195,0.000690880251875918,0.002072666483743,BOS,defense
TRUE,81,0.00139495707997757,0.00035872244641774,0.000691861084998797,0.00209805307495634,BOS,defense
TRUE,82,0.0014081044809626,0.000364994545138215,0.000692715172491702,0.00212349378943351,BOS,defense
TRUE,83,0.0014212160815728,0.000371311549491102,0.000693445444570241,0.00214898671857536,BOS,defense
TRUE,84,0.00143429238133895,0.000377672266369642,0.000694054739254452,0.00217453002342345,BOS,defense
TRUE,85,0.001447333868825,0.00038407554080248,0.00069454580885214,0.00220012192879786,BOS,defense
TRUE,86,0.00146034102192052,0.000390520253168818,0.000694921325709638,0.0022257607181314,BOS,defense
TRUE,87,0.00147331430811677,0.000397005316799604,0.000695183887189542,0.00225144472904399,BOS,defense
TRUE,88,0.00148625418476851,0.000403529675972841,0.000695336019861738,0.00227717234967527,BOS,defense
TRUE,89,0.00149916109934285,0.000410092304298735,0.000695380182917335,0.00230294201576838,BOS,defense
TRUE,90,0.00151203548965686,0.000416692203479733,0.000695318770836588,0.00232875220847714,BOS,defense
TRUE,91,0.00152487778410472,0.000423328402421458,0.000695154115358659,0.00235460145285078,BOS,defense
TRUE,92,0.00153768840187592,0.000429999956663569,0.000694888486815322,0.00238048831693651,BOS,defense
TRUE,93,0.0015504677531651,0.000436705948094325,0.000694524094900222,0.00240641141142998,BOS,defense
TRUE,94,0.00156321623937445,0.000443445484909457,0.000694063088951917,0.00243236938979699,BOS,defense
TRUE,95,0.00157593425330929,0.000450217701774368,0.000693507557831532,0.00245836094878706,BOS,defense
TRUE,96,0.00158862217936745,0.00045702176014895,0.000692859529475511,0.0024843848292594,BOS,defense
TRUE,97,0.00160128039372293,0.000463856848735812,0.000692120970200741,0.00251043981724513,BOS,defense
TRUE,98,0.00161390926450424,0.000470722184015729,0.000691293783833407,0.00253652474517507,BOS,defense
TRUE,99,0.00162650915196773,0.000477617010837981,0.000690379810725284,0.00256263849321017,BOS,defense
TRUE,100,0.00163908040866629,0.000484540603038111,0.000689380826711588,0.00258877999062098,BOS,defense
FALSE,0,0.000130542674210507,7.78541809022667e-05,-2.20515203579358e-05,0.00028313686877895,BUF,offense
FALSE,1,0.000193963588642537,9.47624982241089e-05,8.22909212328391e-06,0.000379698085161791,BUF,offense
FALSE,2,0.00024455641153611,0.000104584893228408,3.95700208084313e-05,0.000449542802263789,BUF,offense
FALSE,3,0.000288300101000032,0.000111160200034938,7.04261089315537e-05,0.00050617409306851,BUF,offense
FALSE,4,0.0003275733753541,0.00011586117731221,0.000100485467822169,0.000554661282886031,BUF,offense
FALSE,5,0.000363619320156279,0.000119354272866687,0.000129684945337572,0.000597553694974985,BUF,offense
FALSE,6,0.00039718772015815,0.000122019722625406,0.000158029063812353,0.000636346376503946,BUF,offense
FALSE,7,0.000428773259791211,0.000124095143176356,0.000185546779165554,0.000671999740416869,BUF,offense
FALSE,8,0.000458723002735624,0.00012574032581047,0.000212271964147102,0.000705174041324146,BUF,offense
FALSE,9,0.000487291606368492,0.000127069284858907,0.000238235808045034,0.00073634740469195,BUF,offense
FALSE,10,0.000514672458412488,0.000128166599001585,0.000263465924369381,0.000765878992455594,BUF,offense
FALSE,11,0.000541016509019234,0.00012909662672394,0.000287987120640312,0.000794045897398156,BUF,offense
FALSE,12,0.000566444291548846,0.000129909457454851,0.000311821754937338,0.000821066828160353,BUF,offense
FALSE,13,0.000591053926306233,0.000130645016362594,0.000334989694235548,0.000847118158376917,BUF,offense
FALSE,14,0.000614926631461375,0.000131335853941478,0.000357508357736079,0.000872344905186671,BUF,offense
FALSE,15,0.000638130622013283,0.000132008963162416,0.000379393054214947,0.000896868189811619,BUF,offense
FALSE,16,0.00066072393096557,0.000132686942557474,0.00040065752355292,0.000920790338378219,BUF,offense
FALSE,17,0.000682756489945403,0.000133388773770125,0.000421314493355958,0.000944198486534849,BUF,offense
FALSE,18,0.000704271689438173,0.000134130396151362,0.000441376112981504,0.000967167265894841,BUF,offense
FALSE,19,0.000725307566457504,0.000134925175005205,0.000460854223447303,0.000989760909467706,BUF,offense
FALSE,20,0.000745897721223675,0.000135784299624014,0.000479760493960607,0.00101203494848674,BUF,offense
FALSE,21,0.000766072034005187,0.000136717117304097,0.000498106484089156,0.00103403758392122,BUF,offense
FALSE,22,0.000785857232778365,0.000137731402303724,0.000515903684263067,0.00105581078129366,BUF,offense
FALSE,23,0.000805277348258424,0.000138833562992441,0.00053316356479324,0.00107739113172361,BUF,offense
FALSE,24,0.000824354082987095,0.000140028797258034,0.000549897640361348,0.00109881052561284,BUF,offense
FALSE,25,0.000843107114155312,0.000141321210623194,0.000566117541333853,0.00112009668697677,BUF,offense
FALSE,26,0.000861554344804318,0.000142713912029691,0.000581835077226123,0.00114127361238251,BUF,offense
FALSE,27,0.000879712114392843,0.00014420909958132,0.000597062279213456,0.00116236194957223,BUF,offense
FALSE,28,0.000897595377040654,0.000145808144250207,0.000611811414310248,0.00118337933977106,BUF,offense
FALSE,29,0.000915217853783264,0.000147511675147847,0.000626094970493483,0.00120434073707305,BUF,offense
FALSE,30,0.000932592163704996,0.000149319666461619,0.000639925617440222,0.00122525870996977,BUF,offense
FALSE,31,0.000949729937720918,0.000151231524004547,0.000653316150672006,0.00124614372476983,BUF,offense
FALSE,32,0.000966641917953939,0.000153246168499841,0.000666279427694252,0.00126700440821363,BUF,offense
FALSE,33,0.000983338045030404,0.000155362112917755,0.000678828303711604,0.0012878477863492,BUF,offense
FALSE,34,0.00099982753514419,0.000157577531989339,0.000690975572445085,0.00130867949784329,BUF,offense
FALSE,35,0.00101611894837725,0.000159890323050695,0.000702733915197884,0.00132950398155661,BUF,offense
FALSE,36,0.00103222024948624,0.000162298158329379,0.000714115859160658,0.00135032463981183,BUF,offense
FALSE,37,0.00104813886214921,0.000164798529497472,0.000725133744334166,0.00137114397996425,BUF,offense
FALSE,38,0.00106388171749763,0.000167388785719454,0.000735799697487504,0.00139196373750776,BUF,offense
FALSE,39,0.00107945529762697,0.000170066166534607,0.000746125611219138,0.0014127849840348,BUF,offense
FALSE,40,0.00109486567467312,0.000172827830799479,0.000756123126306143,0.0014336082230401,BUF,offense
FALSE,41,0.00111011854595797,0.000175670882661701,0.000765803615941036,0.0014544334759749,BUF,offense
FALSE,42,0.00112521926563806,0.00017859239522479,0.000775178170997467,0.00147526036027865,BUF,offense
FALSE,43,0.00114017287323478,0.000181589432261751,0.000784257586001745,0.00149608816046781,BUF,offense
FALSE,44,0.00115498411937707,0.000184659068087611,0.00079305234592535,0.00151691589282879,BUF,offense
FALSE,45,0.00116965748904868,0.000187798405531031,0.000801572614207861,0.0015377423638895,BUF,offense
FALSE,46,0.00118419722259867,0.000191004591856671,0.000809828222559599,0.00155856622263775,BUF,offense
FALSE,47,0.00119860733474504,0.000194274832474314,0.000817828663095385,0.0015793860063947,BUF,offense
FALSE,48,0.00121289163177677,0.000197606402311008,0.000825583083247198,0.00160020018030635,BUF,offense
FALSE,49,0.00122705372713784,0.000200996654798391,0.000833100283732992,0.00162100717054269,BUF,offense
FALSE,50,0.00124109705555751,0.000204443028519735,0.000840388719658832,0.00164180539145619,BUF,offense
FALSE,51,0.00125502488587458,0.000207943051653251,0.000847456504634205,0.00166259326711495,BUF,offense
FALSE,52,0.00126884033268796,0.000211494344427735,0.000854311417609596,0.00168336924776632,BUF,offense
FALSE,53,0.00128254636695273,0.00021509461986568,0.000860960912015999,0.00170413182188947,BUF,offense
FALSE,54,0.00129614582562841,0.000218741683124121,0.000867412126705132,0.00172487952455169,BUF,offense
FALSE,55,0.00130964142047559,0.00022243342975461,0.000873671898156552,0.00174561094279462,BUF,offense
FALSE,56,0.00132303574608723,0.00022616784319323,0.000879746773428503,0.00176632471874597,BUF,offense
FALSE,57,0.00133633128723196,0.000229942991763729,0.00088564302337505,0.00178701955108887,BUF,offense
FALSE,58,0.00134953042557879,0.000233757025436631,0.000891366655722996,0.00180769419543459,BUF,offense
FALSE,59,0.00136263544586569,0.000237608172539614,0.000896923427688049,0.00182834746404334,BUF,offense
FALSE,60,0.00137564854156751,0.000241494736564308,0.000902318857901465,0.00184897822523355,BUF,offense
FALSE,61,0.00138857182011345,0.000245415093165955,0.000907558237508182,0.00186958540271873,BUF,offense
FALSE,62,0.00140140730769855,0.00024936768740808,0.00091264664037871,0.00189016797501838,BUF,offense
FALSE,63,0.00141415695372913,0.000253351031266785,0.000917588932446231,0.00191072497501203,BUF,offense
FALSE,64,0.00142682263493791,0.000257363701379441,0.000922389780234203,0.00193125548964161,BUF,offense
FALSE,65,0.00143940615920051,0.000261404337001135,0.000927053658678281,0.00195175865972273,BUF,offense
FALSE,66,0.00145190926908183,0.000265471638118671,0.000931584858369237,0.00197223367979443,BUF,offense
FALSE,67,0.00146433364513755,0.000269564363665803,0.000935987492352575,0.00199267979792252,BUF,offense
FALSE,68,0.00147668090899329,0.000273681329783286,0.000940265502618048,0.00201309631536853,BUF,offense
FALSE,69,0.00148895262622171,0.00027782140807233,0.000944422666399944,0.00203348258604348,BUF,offense
FALSE,70,0.00150115030903526,0.000281983523798466,0.000948462602390272,0.00205383801568026,BUF,offense
FALSE,71,0.00151327541881074,0.000286166654013716,0.000952388776943851,0.00207416206067762,BUF,offense
FALSE,72,0.00152532936845983,0.00029036982557684,0.000956204510329224,0.00209445422659044,BUF,offense
FALSE,73,0.00153731352465841,0.000294592113063427,0.000959912983054095,0.00211471406626273,BUF,offense
FALSE,74,0.00154922920994589,0.000298832636568975,0.000963517242270703,0.00213494117762108,BUF,offense
FALSE,75,0.00156107770470491,0.000303090559417958,0.000967020208245708,0.0021551352011641,BUF,offense
FALSE,76,0.00157286024903023,0.000307365085800067,0.000970424680862102,0.00217529581719837,BUF,offense
FALSE,77,0.00158457804449538,0.000311655458361019,0.00097373334610778,0.00219542274288298,BUF,offense
FALSE,78,0.00159623225582387,0.00031596095577926,0.000976948782496519,0.00221551572915122,BUF,offense
FALSE,79,0.00160782401247209,0.000320280890362009,0.000980073467362557,0.00223557455758163,BUF,offense
FALSE,80,0.00161935441012948,0.000324614605694097,0.000983109782969049,0.00225559903728991,BUF,offense
FALSE,81,0.00163082451214145,0.000328961474371553,0.000986060022373205,0.00227558900190969,BUF,offense
FALSE,82,0.00164223535086015,0.000333320895848972,0.000988926394996163,0.00229554430672414,BUF,offense
FALSE,83,0.00165358792892718,0.000337692294425624,0.000991711031852953,0.0023154648260014,BUF,offense
FALSE,84,0.00166488322049263,0.000342075117390622,0.000994415990407007,0.00233535045057825,BUF,offense
FALSE,85,0.00167612217237395,0.000346468833342164,0.000997043259023305,0.00235520108572459,BUF,offense
FALSE,86,0.00168730570515828,0.000350872930690614,0.00099959476100468,0.00237501664931189,BUF,offense
FALSE,87,0.00169843471425119,0.00035528691634976,0.00100207235820566,0.00239479707029672,BUF,offense
FALSE,88,0.00170951007087491,0.000359710314615769,0.00100447785422801,0.00241454228752182,BUF,offense
FALSE,89,0.00172053262301873,0.000364142666228689,0.0010068129972105,0.00243425224882696,BUF,offense
FALSE,90,0.00173150319634409,0.000368583527607519,0.00100907948223335,0.00245392691045483,BUF,offense
FALSE,91,0.00174242259504676,0.000373032470246535,0.00101127895336355,0.00247356623672997,BUF,offense
FALSE,92,0.0017532916026783,0.000377489080258095,0.00101341300537243,0.00249317019998416,BUF,offense
FALSE,93,0.00176411098292898,0.000381952958045314,0.00101548318516016,0.00251273878069779,BUF,offense
FALSE,94,0.00177488148037401,0.000386423718086954,0.00101749099292358,0.00253227196782444,BUF,offense
FALSE,95,0.00178560382118509,0.000390900988816519,0.00101943788310471,0.00255176975926547,BUF,offense
FALSE,96,0.00179627871380893,0.00039538441257779,0.00102132526515646,0.00257123216246139,BUF,offense
FALSE,97,0.0018069068496145,0.000399873645639894,0.00102315450416031,0.00259065919506869,BUF,offense
FALSE,98,0.00181748890351065,0.000404368358256305,0.00102492692132829,0.00261005088569301,BUF,offense
FALSE,99,0.00182802553453546,0.000408868234753928,0.00102664379441776,0.00262940727465316,BUF,offense
FALSE,100,0.00183851738641894,0.000413372973640422,0.00102830635808371,0.00264872841475416,BUF,offense
TRUE,0,0.000130542674210507,7.78541809022667e-05,-2.20515203579358e-05,0.00028313686877895,BUF,offense
TRUE,1,0.0001965419618199,9.60337989367036e-05,8.31571590396123e-06,0.00038476820773584,BUF,offense
TRUE,2,0.000249611472564223,0.00010687179506166,4.01427542433703e-05,0.000459080190885076,BUF,offense
TRUE,3,0.000295669146066973,0.00011429577660635,7.16494239185264e-05,0.00051968886821542,BUF,offense
TRUE,4,0.000337106012203947,0.000119734813129273,0.000102425778470573,0.000571786245937322,BUF,offense
TRUE,5,0.000375185404928731,0.000123890978728337,0.000132359086621191,0.000618011723236272,BUF,offense
TRUE,6,0.000410676191852514,0.000127168532247703,0.000161425868647016,0.000659926515058013,BUF,offense
TRUE,7,0.000444089675532052,0.000129821408317251,0.00018963971523024,0.000698539635833863,BUF,offense
TRUE,8,0.000475787094676764,0.000132021071363082,0.000217025794805123,0.000734548394548404,BUF,offense
TRUE,9,0.000506035073573387,0.000133890312010659,0.000243610062032496,0.000768460085114278,BUF,offense
TRUE,10,0.000535037012477284,0.000135520335963045,0.000269417153989716,0.000800656870964853,BUF,offense
TRUE,11,0.000562952162899422,0.000136980390003875,0.000294470598491826,0.000831433727307017,BUF,offense
TRUE,12,0.000589907877765791,0.000138324089431641,0.000318792662479774,0.000861023093051807,BUF,offense
TRUE,13,0.000616007829262621,0.000139593873729345,0.000342403836753104,0.000889611821772137,BUF,offense
TRUE,14,0.000641337716577583,0.000140824065384822,0.000365322548423331,0.000917352884731835,BUF,offense
TRUE,15,0.000665969342578863,0.000142042859350341,0.000387565338252195,0.000944373346905531,BUF,offense
TRUE,16,0.000689963592578358,0.000143273587779133,0.000409147360531257,0.000970779824625459,BUF,offense
TRUE,17,0.000713372652324159,0.000144535565644303,0.000430082943661325,0.000996662360986993,BUF,offense
TRUE,18,0.000736241686116647,0.000145844726037672,0.000450386023082809,0.00102209734915048,BUF,offense
TRUE,19,0.000758610124175794,0.000147214151875821,0.000470070386499184,0.0010471498618524,BUF,offense
TRUE,20,0.00078051266250238,0.000148654538866138,0.000489149766324749,0.00107187555868001,BUF,offense
TRUE,21,0.000801980048231273,0.000150174590249744,0.000507637851341775,0.00109632224512077,BUF,offense
TRUE,22,0.000823039703007873,0.000151781337340091,0.000525548281821295,0.00112053112419445,BUF,offense
TRUE,23,0.000843716222753401,0.000153480387056331,0.000542894664122992,0.00114453778138381,BUF,offense
TRUE,24,0.000864031782190838,0.000155276107276926,0.000559690611928062,0.00116837295245361,BUF,offense
TRUE,25,0.000884006465337724,0.000157171766877597,0.000575949802257635,0.00119206312841781,BUF,offense
TRUE,26,0.000903658537963036,0.000159169648195742,0.000591686027499383,0.00121563104842669,BUF,offense
TRUE,27,0.000923004674175199,0.00016127114647116,0.000606913227091726,0.00123909612125867,BUF,offense
TRUE,28,0.000942060146463788,0.000163476865613411,0.000621645489861501,0.00126247480306607,BUF,offense
TRUE,29,0.000960838986387315,0.000165786714357394,0.000635897026246823,0.00128578094652781,BUF,offense
TRUE,30,0.00097935412149289,0.000168200002745352,0.000649682116112001,0.00130902612687378,BUF,offense
TRUE,31,0.00099761749283358,0.000170715536428527,0.000663015041433667,0.00133221994423349,BUF,offense
TRUE,32,0.00101564015651809,0.000173331705448009,0.000675910013839989,0.00135537029919619,BUF,offense
TRUE,33,0.0010334323720124,0.000176046564527947,0.000688381105537623,0.00137848363848717,BUF,offense
TRUE,34,0.00105100367936173,0.000178857902977305,0.000700442189526213,0.00140156516919725,BUF,offense
TRUE,35,0.00106836296707351,0.000181763303574496,0.000712106892067498,0.00142461904207952,BUF,offense
TRUE,36,0.00108551853206924,0.000184760190956031,0.000723388557795422,0.00144764850634306,BUF,offense
TRUE,37,0.00110247813285238,0.000187845870849369,0.000734300225987619,0.00147065603971714,BUF,offense
TRUE,38,0.0011192490368342,0.000191017561918297,0.000744854615474337,0.00149364345819406,BUF,offense
TRUE,39,0.00113583806259732,0.0001942724220595,0.0007550641153607,0.00151661200983394,BUF,offense
TRUE,40,0.00115225161774729,0.000197607570789787,0.000764940778999307,0.00153956245649527,BUF,offense
TRUE,41,0.0011684957328991,0.000201020109002598,0.000774496319254004,0.00156249514654419,BUF,offense
TRUE,42,0.00118457609226198,0.0002045071369516,0.000783742103836845,0.00158541008068712,BUF,offense
TRUE,43,0.00120049806121809,0.00020806577091873,0.000792689150217379,0.0016083069722188,BUF,offense
TRUE,44,0.00121626671123486,0.000211693158697073,0.0008013481201886,0.00163118530228113,BUF,offense
TRUE,45,0.00123188684240539,0.000215386493791624,0.00080972931457381,0.00165404437023698,BUF,offense
TRUE,46,0.00124736300387267,0.000219143028117311,0.000817842668762743,0.0016768833389826,BUF,offense
TRUE,47,0.00126269951236179,0.000222960082941976,0.000825697749795518,0.00169970127492806,BUF,offense
TRUE,48,0.00127790046901709,0.000226835057861143,0.000833303755609248,0.00172249718242493,BUF,offense
TRUE,49,0.00129296977471813,0.000230765437676879,0.00084066951687145,0.00174527003256482,BUF,offense
TRUE,50,0.0013079111440288,0.000234748797160975,0.000847803501593293,0.00176801878646431,BUF,offense
TRUE,51,0.0013227281179164,0.000238782803792703,0.0008547138224827,0.00179074241335009,BUF,offense
TRUE,52,0.00133742407536302,0.000242865218658501,0.000861408246792359,0.00181343990393368,BUF,offense
TRUE,53,0.00135200224397833,0.000246993895775073,0.000867894208259184,0.00183611027969747,BUF,offense
TRUE,54,0.0013664657097113,0.000251166780144095,0.000874178820628872,0.00185875259879372,BUF,offense
TRUE,55,0.00138081742574854,0.000255381904865261,0.000880268892212633,0.00188136595928446,BUF,offense
TRUE,56,0.00139506022067766,0.000259637387627606,0.000886170940927549,0.00190394950042776,BUF,offense
TRUE,57,0.00140919680598609,0.000263931426871377,0.000891891209318195,0.00192650240265399,BUF,offense
TRUE,58,0.00142322978295898,0.000268262297870078,0.000897435679133628,0.00194902388678433,BUF,offense
TRUE,59,0.00143716164903269,0.000272628348930491,0.000902810085128928,0.00197151321293645,BUF,offense
TRUE,60,0.00145099480365549,0.000277027997853134,0.00090801992786335,0.00199396967944763,BUF,offense
TRUE,61,0.00146473155370124,0.000281459728741355,0.000913070485368178,0.00201639262203429,BUF,offense
TRUE,62,0.0014783741184776,0.000285922089197952,0.000917966823649617,0.00203878141330559,BUF,offense
TRUE,63,0.0014919246343661,0.000290413687906254,0.000922713806069839,0.00206113546266236,BUF,offense
TRUE,64,0.00150538515912739,0.000294933192559725,0.000927316101710328,0.00208345421654445,BUF,offense
TRUE,65,0.00151875767590211,0.000299479328080671,0.000931778192863996,0.00210573715894023,BUF,offense
TRUE,66,0.00153204409693435,0.000304050875054616,0.000936104381827301,0.0021279838120414,BUF,offense
TRUE,67,0.00154524626704221,0.000308646668301211,0.000940298797171831,0.00215019373691258,BUF,offense
TRUE,68,0.00155836596685746,0.000313265595504191,0.000944365399669244,0.00217236653404567,BUF,offense
TRUE,69,0.00157140491585412,0.000317906595830241,0.000948307988026852,0.0021945018436814,BUF,offense
TRUE,70,0.00158436477518369,0.000322568658478178,0.000952130204566465,0.00221659934580092,BUF,offense
TRUE,71,0.00159724715033328,0.000327250821114074,0.000955835540949695,0.00223865875971686,BUF,offense
TRUE,72,0.00161005359362094,0.000331952168163382,0.000959427344020715,0.00226067984322117,BUF,offense
TRUE,73,0.00162278560654146,0.000336671828946629,0.000962908821806066,0.00228266239127685,BUF,offense
TRUE,74,0.00163544464197416,0.000341408975659741,0.000966283049681066,0.00230460623426725,BUF,offense
TRUE,75,0.00164803210626364,0.000346162821212933,0.000969552976686295,0.00232651123584099,BUF,offense
TRUE,76,0.00166054936118287,0.000350932616952609,0.000972721431955756,0.00234837729040998,BUF,offense
TRUE,77,0.00167299772578739,0.000355717650298875,0.000975791131201594,0.00237020432037319,BUF,offense
TRUE,78,0.0016853784781687,0.000360517242336659,0.000978764683188849,0.00239199227314855,BUF,offense
TRUE,79,0.00169769285711369,0.000365330745401304,0.000981644596127137,0.00241374111810025,BUF,offense
TRUE,80,0.00170994206367701,0.000370157540700113,0.000984433283904784,0.00243545084344923,BUF,offense
TRUE,81,0.00172212726267182,0.00037499703600958,0.000987133072093044,0.0024571214532506,BUF,offense
TRUE,82,0.00173424958408494,0.000379848663484907,0.000989746203654523,0.00247875296451536,BUF,offense
TRUE,83,0.00174631012442078,0.000384711877613578,0.000992274844298167,0.00250034540454339,BUF,offense
TRUE,84,0.00175830994797884,0.00038958615333914,0.000994721087434123,0.00252189880852355,BUF,offense
TRUE,85,0.00177025008806896,0.000394470984375134,0.0009970869586937,0.00254341321744422,BUF,offense
TRUE,86,0.00178213154816802,0.000399365881722492,0.000999374419991933,0.0025648886763441,BUF,offense
TRUE,87,0.00179395530302155,0.000404270372397366,0.00100158537312272,0.00258632523292039,BUF,offense
TRUE,88,0.00180572229969373,0.000409183998370151,0.00100372166288823,0.00260772293649922,BUF,offense
TRUE,89,0.00181743345856841,0.000414106315710901,0.00100578507977504,0.00262908183736178,BUF,offense
TRUE,90,0.00182908967430428,0.000419036893931427,0.00100777736219868,0.00265040198640988,BUF,offense
TRUE,91,0.00184069181674653,0.000423975315510297,0.00100970019834635,0.00267168343514672,BUF,offense
TRUE,92,0.00185224073179745,0.000428921175583728,0.00101155522765334,0.00269292623594156,BUF,offense
TRUE,93,0.00186373724224823,0.000433874081783097,0.00101334404195336,0.0027141304425431,BUF,offense
TRUE,94,0.00187518214857403,0.000438833654198335,0.0010150681863453,0.00273529611080277,BUF,offense
TRUE,95,0.0018865762296943,0.000443799525445982,0.00101672915982018,0.00275642329956843,BUF,offense
TRUE,96,0.00189792024370004,0.000448771340820833,0.00101832841569121,0.00277751207170887,BUF,offense
TRUE,97,0.00190921492854993,0.000453748758511098,0.00101986736186818,0.00279856249523168,BUF,offense
TRUE,98,0.00192046100273674,0.000458731449858496,0.00102134736101409,0.00281957464445939,BUF,offense
TRUE,99,0.00193165916592567,0.000463719099646786,0.00102276973061797,0.00284054860123337,BUF,offense
TRUE,100,0.001942810099566,0.000468711406404678,0.00102413574301284,0.00286148445611917,BUF,offense
FALSE,0,6.40110336621389e-05,8.92542710703625e-05,-0.000110927337635772,0.000238949404960049,BUF,defense
FALSE,1,0.000327202267504002,0.000261287091619886,-0.000184920432070975,0.000839324967078978,BUF,defense
FALSE,2,0.000741541143775811,0.000431001552144065,-0.000103221898426556,0.00158630418597818,BUF,defense
FALSE,3,0.00122722743194923,0.000563299489266424,0.00012316043298704,0.00233129443091142,BUF,defense
FALSE,4,0.00171340043726504,0.000653833301035031,0.000431887167236377,0.0029949137072937,BUF,defense
FALSE,5,0.00212515309215087,0.000701792722066347,0.000749639356900827,0.00350066682740091,BUF,defense
FALSE,6,0.00240678444877806,0.000721467398537611,0.000992708347644339,0.00382086054991177,BUF,defense
FALSE,7,0.00254067573650564,0.000715915259729289,0.00113748182743623,0.00394386964557504,BUF,defense
FALSE,8,0.00254415421616158,0.000686933984671374,0.00119776360620569,0.00389054482611748,BUF,defense
FALSE,9,0.00245305633215774,0.000643947116552518,0.0011909199837148,0.00371519268060067,BUF,defense
FALSE,10,0.00230558476487211,0.000596871726650847,0.00113571618063645,0.00347545334910777,BUF,defense
FALSE,11,0.00213298843245783,0.000550766066804483,0.00105348694152104,0.00321248992339462,BUF,defense
FALSE,12,0.00195679435279151,0.000507074427465632,0.000962928474958871,0.00295066023062415,BUF,defense
FALSE,13,0.00178980738111787,0.00046630414058181,0.000875851265577523,0.00270376349665822,BUF,defense
FALSE,14,0.00163842579846045,0.000429098912173043,0.000797391930601286,0.00247945966631961,BUF,defense
FALSE,15,0.00150491862150211,0.000396096214796604,0.000728570040500762,0.00228126720250345,BUF,defense
FALSE,16,0.00138917093729459,0.000367586286796908,0.00066870181517265,0.00210964005941653,BUF,defense
FALSE,17,0.00128985313569194,0.000343405142323192,0.000616779056738483,0.0019629272146454,BUF,defense
FALSE,18,0.00120513408575254,0.000323048297547755,0.000571959422558935,0.00183830874894613,BUF,defense
FALSE,19,0.00113308187803996,0.000305865123200895,0.000533586236566205,0.00173257751951371,BUF,defense
FALSE,20,0.00107186877329931,0.000291224561084168,0.000501068633574338,0.00164266891302428,BUF,defense
FALSE,21,0.00101986138587168,0.000278608780475755,0.000473788176139204,0.00156593459560416,BUF,defense
FALSE,22,0.00097564762941954,0.000267639356436371,0.000451074490804254,0.00150022076803483,BUF,defense
FALSE,23,0.000938031279380024,0.000258060295073494,0.000432233101035975,0.00144382945772407,BUF,defense
FALSE,24,0.000906011752503672,0.000249702535140662,0.000416594783627975,0.00139542872137937,BUF,defense
FALSE,25,0.000878758675613353,0.000242447101164542,0.000403562357330852,0.00135395499389585,BUF,defense
FALSE,26,0.000855586152693447,0.000236196074105042,0.000392641847447564,0.00131853045793933,BUF,defense
FALSE,27,0.00083592902769176,0.000230854558437692,0.000383454093153885,0.00128840396222964,BUF,defense
FALSE,28,0.000819322032092344,0.000226323062706555,0.000375728829187497,0.00126291523499719,BUF,defense
FALSE,29,0.000805381982751924,0.000222497718174793,0.000369286455129329,0.00124147751037452,BUF,defense
FALSE,30,0.000793792850664198,0.000219275079660278,0.000364013694530053,0.00122357200679834,BUF,defense
FALSE,31,0.000784293379508702,0.000216558491723995,0.000359838735729672,0.00120874802328773,BUF,defense
FALSE,32,0.000776666895497187,0.000214263779330783,0.000356709888008853,0.00119662390298552,BUF,defense
FALSE,33,0.00077073296314336,0.000212322974639113,0.000354579932850699,0.00118688599343602,BUF,defense
FALSE,34,0.000766340576346958,0.000210685647413426,0.000353396707416643,0.00117928444527727,BUF,defense
FALSE,35,0.000763362615773747,0.000209318022081511,0.000353099292493985,0.00117362593905351,BUF,defense
FALSE,36,0.000761691344703839,0.000208200414621064,0.000353618532046553,0.00116976415736113,BUF,defense
FALSE,37,0.000761234753117121,0.000207323654284326,0.000354880390719842,0.0011675891155144,BUF,defense
FALSE,38,0.00076191359266155,0.000206685139172185,0.000356810719884068,0.00116701646543903,BUF,defense
FALSE,39,0.000763658973197247,0.000206285073975165,0.000359340228205923,0.00116797771818857,BUF,defense
FALSE,40,0.000766410415170902,0.000206123297572467,0.000362408751928868,0.00117041207841294,BUF,defense
FALSE,41,0.000770114271669333,0.000206196955743834,0.000365968238411418,0.00117426030492725,BUF,defense
FALSE,42,0.000774722450178975,0.000206499127627511,0.000369984160029054,0.0011794607403289,BUF,defense
FALSE,43,0.000780191377360861,0.000207018386061959,0.000374435340679421,0.0011859474140423,BUF,defense
FALSE,44,0.000786481161006305,0.000207739170830962,0.00037931238617762,0.00119364993583499,BUF,defense
FALSE,45,0.000793554912173019,0.000208642786082151,0.000384615051452002,0.00120249477289404,BUF,defense
FALSE,46,0.000801378197663319,0.000209708800471498,0.000390348948739182,0.00121240744658746,BUF,defense
FALSE,47,0.000809918598790304,0.000210916627800173,0.000396522008301965,0.00122331518927864,BUF,defense
FALSE,48,0.000819145357032708,0.000212247090041616,0.000403141060551142,0.00123514965351427,BUF,defense
FALSE,49,0.000829029090912436,0.00021368380466355,0.000410208833771878,0.00124784934805299,BUF,defense
FALSE,50,0.000839541571413494,0.00021521428509777,0.000417721572621864,0.00126136157020512,BUF,defense
FALSE,51,0.000850655545641135,0.000216830689907889,0.000425667393421673,0.0012756436978606,BUF,defense
FALSE,52,0.000862344600313627,0.000218530197954447,0.00043402541232291,0.00129066378830434,BUF,defense
FALSE,53,0.00087458305818392,0.000220315021374633,0.000442765616289639,0.0013064005000782,BUF,defense
FALSE,54,0.000887345901684072,0.000222192094992214,0.000451849395499333,0.00132284240786881,BUF,defense
FALSE,55,0.000900608719036569,0.000224172500369679,0.000461230618311999,0.00133998681976114,BUF,defense
FALSE,56,0.000914347668835797,0.000226270695935256,0.000470857104802696,0.0013578382328689,BUF,defense
FALSE,57,0.000928539459712024,0.000228503632146763,0.00048067234070437,0.00137640657871968,BUF,defense
FALSE,58,0.00094316134218346,0.00023088983285834,0.000490617269781114,0.00139570541458581,BUF,defense
FALSE,59,0.000958191110204835,0.000233448521043679,0.000500632008959224,0.00141575021145045,BUF,defense
FALSE,60,0.000973607110255375,0.000236198858865053,0.000510657346879872,0.00143655687363088,BUF,defense
FALSE,61,0.000989388256090773,0.000239159359046742,0.00052063591235916,0.00145814059982239,BUF,defense
FALSE,62,0.00100551404752521,0.000242347507338311,0.000530512933142121,0.0014805151619083,BUF,defense
FALSE,63,0.00102196459182021,0.000245779615787463,0.000540236544876783,0.00150369263876364,BUF,defense
FALSE,64,0.00103872062644418,0.000249470905294096,0.00054975765206775,0.0015276836008206,BUF,defense
FALSE,65,0.00105576354213469,0.000253435795433884,0.000559029383084281,0.00155249770118511,BUF,defense
FALSE,66,0.00107307540534922,0.000257688361714744,0.000568006216388326,0.00157814459431012,BUF,defense
FALSE,67,0.00109063897933042,0.000262242906810065,0.000576642881982687,0.00160463507667814,BUF,defense
FALSE,68,0.0011084377431426,0.000267114583895888,0.000584893158706657,0.00163198232757854,BUF,defense
FALSE,69,0.00112645590815589,0.000272320007382167,0.000592708693686842,0.00166020312262494,BUF,defense
FALSE,70,0.00114467843156575,0.000277877788880269,0.000600037965360423,0.00168931889777108,BUF,defense
FALSE,71,0.00116309102663771,0.000283808943568977,0.000606825497242511,0.0017193565560329,BUF,defense
FALSE,72,0.00118168016946052,0.000290137123324877,0.000613011407743761,0.00175034893117728,BUF,defense
FALSE,73,0.00120043310207602,0.000296888647052627,0.000618531353852872,0.00178233485029917,BUF,defense
FALSE,74,0.00121933783192964,0.000304092314519071,0.000623316895472256,0.00181535876838702,BUF,defense
FALSE,75,0.00123838312765365,0.000311779006568888,0.000627296274778631,0.00184946998052867,BUF,defense
FALSE,76,0.00125755851125406,0.000319981090754263,0.000630395573375705,0.00188472144913242,BUF,defense
FALSE,77,0.00127685424682283,0.000328731666000201,0.000632540181462434,0.00192116831218322,BUF,defense
FALSE,78,0.0012962613259402,0.000338063691822244,0.000633656489968601,0.0019588661619118,BUF,defense
FALSE,79,0.00131577144996665,0.000348009055807055,0.000633673700584828,0.00199786919934848,BUF,defense
FALSE,80,0.00133537700945199,0.000358597636813709,0.000632525641297124,0.00203822837760686,BUF,defense
FALSE,81,0.00135507106090974,0.000369856420317919,0.000630152477086616,0.00207998964473286,BUF,defense
FALSE,82,0.00137484730121981,0.000381808716682184,0.000626502216522724,0.00212319238591689,BUF,defense
FALSE,83,0.00139470003993082,0.000394473523609423,0.000621531933656347,0.00216786814620529,BUF,defense
FALSE,84,0.00141462416973717,0.000407865061790742,0.00061520864862732,0.00221403969084703,BUF,defense
FALSE,85,0.00143461513540454,0.000421992499231136,0.000607509836911517,0.00226172043389757,BUF,defense
FALSE,86,0.00145466890141263,0.000436859866406397,0.00059842356325609,0.00231091423956917,BUF,defense
FALSE,87,0.0014747819185747,0.000452466152563695,0.000587948259549862,0.00236161557759955,BUF,defense
FALSE,88,0.00149495108988238,0.000468805564059897,0.000576092184324984,0.00241380999543978,BUF,defense
FALSE,89,0.00151517373580967,0.000485867919126244,0.000562872614322233,0.00246747485729711,BUF,defense
FALSE,90,0.0015354475592945,0.000503639149918248,0.000548314825454736,0.00252258029313427,BUF,defense
FALSE,91,0.00155577061059853,0.000522101881864431,0.000532450922144245,0.00257909029905281,BUF,defense
FALSE,92,0.00157614125222763,0.00054123606165203,0.000515318571389654,0.00263696393306561,BUF,defense
FALSE,93,0.00159655812407651,0.000561019608064241,0.000496959692270602,0.00269615655588243,BUF,defense
FALSE,94,0.00161702010894132,0.000581429063703632,0.000477419144082206,0.00275662107380044,BUF,defense
FALSE,95,0.00163752629852524,0.000602440229869792,0.000456743447980446,0.00281830914907003,BUF,defense
FALSE,96,0.00165807596004227,0.000624028771099107,0.000434979568688021,0.00288117235139652,BUF,defense
FALSE,97,0.00167866850350653,0.000646170779838768,0.000412173775022543,0.00294516323199051,BUF,defense
FALSE,98,0.00169930344977576,0.000668843295251313,0.000388370591083192,0.00301023630846834,BUF,defense
FALSE,99,0.0017199803994009,0.00069202477316026,0.000363611844006791,0.00307634895479501,BUF,defense
FALSE,100,0.00174069900231704,0.000715695506647002,0.000337935809288918,0.00314346219534517,BUF,defense
TRUE,0,6.4011033662139e-05,8.92542710703626e-05,-0.000110927337635772,0.00023894940496005,BUF,defense
TRUE,1,0.000124917889085746,0.00012019587627787,-0.000110666028418879,0.00036050180659037,BUF,defense
TRUE,2,0.000185371064904849,0.000142670282764501,-9.42626893135737e-05,0.000465004819123272,BUF,defense
TRUE,3,0.000246300416971307,0.00016128777931642,-6.98236304888766e-05,0.000562424464431491,BUF,defense
TRUE,4,0.000307550937438549,0.00017717966147975,-3.97211990617615e-05,0.000654823073938859,BUF,defense
TRUE,5,0.000368403524416495,0.000190749598878098,-5.46568938457641e-06,0.000742272738217567,BUF,defense
TRUE,6,0.000428094442620025,0.000202443943029406,3.13043142823879e-05,0.000824884570957661,BUF,defense
TRUE,7,0.000486040129021739,0.000212457050767696,6.96243095170556e-05,0.000902455948526422,BUF,defense
TRUE,8,0.000541869936154704,0.000220929610779211,0.000108847899027451,0.000974891973281957,BUF,defense
TRUE,9,0.000595380017561072,0.000228111509368236,0.00014828145919933,0.00104247857592281,BUF,defense
TRUE,10,0.000646473035504767,0.000234288829385583,0.000187266929909025,0.00110567914110051,BUF,defense
TRUE,11,0.000695110247662051,0.000239670101542219,0.000225356848639301,0.0011648636466848,BUF,defense
TRUE,12,0.000741281702917144,0.000244361875799337,0.000262332426350443,0.00122023097948384,BUF,defense
TRUE,13,0.000784991555707878,0.000248415349086433,0.00029809747149847,0.00127188563991729,BUF,defense
TRUE,14,0.000826253267791271,0.000251878974015063,0.000332570478721748,0.0013199360568608,BUF,defense
TRUE,15,0.000865090004974144,0.000254820319268111,0.000365642179208646,0.00136453783073964,BUF,defense
TRUE,16,0.000901536904183297,0.000257318394392812,0.000397192851173386,0.00140588095719321,BUF,defense
TRUE,17,0.000935643228950924,0.000259444817198442,0.000427131387241979,0.00144415507065987,BUF,defense
TRUE,18,0.000967473462113766,0.000261250106743082,0.000455423252897326,0.00147952367133021,BUF,defense
TRUE,19,0.000997107068815558,0.000262761592803723,0.000482094346920261,0.00151211979071086,BUF,defense
TRUE,20,0.00102463705901791,0.000263990878220912,0.000507214937704918,0.00154205918033089,BUF,defense
TRUE,21,0.00105016766604896,0.00026494496839204,0.000530875528000566,0.00156945980409736,BUF,defense
TRUE,22,0.0010738115086748,0.000265635609423202,0.000553165714205327,0.00159445730314428,BUF,defense
TRUE,23,0.00109568657560514,0.000266083928143572,0.00057416207644374,0.00161721107476654,BUF,defense
TRUE,24,0.00111591330388455,0.00026632015518102,0.000593925799729752,0.00163790080803935,BUF,defense
TRUE,25,0.00113461194302664,0.000266379956002805,0.000612507229261145,0.00165671665679214,BUF,defense
TRUE,26,0.00115190032099893,0.000266299483911691,0.000629953332532018,0.00167384730946585,BUF,defense
TRUE,27,0.00116789206446559,0.000266110989293664,0.00064631452545001,0.00168946960348117,BUF,defense
TRUE,28,0.00118269527705068,0.000265840101283589,0.00066164867853485,0.00170374187556652,BUF,defense
TRUE,29,0.0011964116456145,0.000265505112766312,0.000676021624592526,0.00171680166663647,BUF,defense
TRUE,30,0.00120913592374838,0.000265117983873032,0.000689504675357233,0.00172876717213952,BUF,defense
TRUE,31,0.00122095573128772,0.000264686432233351,0.000702170324110357,0.00173974113846509,BUF,defense
TRUE,32,0.00123195160593462,0.000264216393559757,0.000714087474557497,0.00174981573731174,BUF,defense
TRUE,33,0.00124219724565197,0.000263714244238877,0.000725317326943771,0.00175907716436017,BUF,defense
TRUE,34,0.00125175988634384,0.000263188387871669,0.000735910646115369,0.00176760912657231,BUF,defense
TRUE,35,0.00126070076693034,0.000262650039095234,0.000745906690303681,0.001775494843557,BUF,defense
TRUE,36,0.00126907564214502,0.000262113234921478,0.000755333701698919,0.00178281758259111,BUF,defense
TRUE,37,0.00127693531146943,0.000261594238688031,0.000764210603640889,0.00178966001929797,BUF,defense
TRUE,38,0.00128432614009983,0.000261110569475732,0.000772549423927391,0.00179610285627226,BUF,defense
TRUE,39,0.00129129055445237,0.000260679899591546,0.000780357951252939,0.0018022231576518,BUF,defense
TRUE,40,0.001297867500345,0.000260319030159906,0.00078764220123158,0.00180809279945841,BUF,defense
TRUE,41,0.00130409285663636,0.000260043097115738,0.000794408386289513,0.00181377732698321,BUF,defense
TRUE,42,0.0013099998008096,0.000259865092424521,0.000800664219657535,0.00181933538196166,BUF,defense
TRUE,43,0.00131561912585126,0.000259795720533046,0.000806419513606493,0.00182481873809603,BUF,defense
TRUE,44,0.00132097950990191,0.000259843556549697,0.000811686139064509,0.00183027288073932,BUF,defense
TRUE,45,0.00132610774165689,0.000260015435379933,0.000816477488312223,0.00183573799500156,BUF,defense
TRUE,46,0.00133102890548222,0.000260316981476105,0.000820807621789052,0.00184125018917538,BUF,defense
TRUE,47,0.00133576653078174,0.000260753185666241,0.000824690286875905,0.00184684277468757,BUF,defense
TRUE,48,0.00134034271039779,0.000261328945427568,0.000828137977359756,0.00185254744343582,BUF,defense
TRUE,49,0.00134477819282544,0.00026204950369869,0.000831161165576005,0.00185839522007487,BUF,defense
TRUE,50,0.00134909245283711,0.000262920744495428,0.000833767793626072,0.00186441711204815,BUF,defense
TRUE,51,0.00135330374480427,0.00026394932735542,0.000835963063187651,0.0018706444264209,BUF,defense
TRUE,52,0.00135742914261119,0.000265142664047115,0.000837749521078843,0.00187710876414353,BUF,defense
TRUE,53,0.00136148456961806,0.000266508758123795,0.000839127403695424,0.0018838417355407,BUF,defense
TRUE,54,0.00136548482167566,0.00026805593982288,0.000840095179622814,0.0018908744637285,BUF,defense
TRUE,55,0.00136944358574083,0.000269792535319904,0.000840650216513819,0.00189823695496784,BUF,defense
TRUE,56,0.00137337345620901,0.000271726510835227,0.000840789494971966,0.00190595741744606,BUF,defense
TRUE,57,0.00137728595067502,0.000273865129330476,0.000840510297187287,0.00191406160416275,BUF,defense
TRUE,58,0.00138119152646539,0.000276214651522374,0.000839810809481539,0.00192257224344925,BUF,defense
TRUE,59,0.00138509959895662,0.000278780104788754,0.000838690593570662,0.00193150860434258,BUF,defense
TRUE,60,0.00138901856240644,0.000281565134352996,0.000837150899074566,0.00194088622573831,BUF,defense
TRUE,61,0.00139295581377836,0.000284571941932566,0.000835194807590535,0.00195071681996619,BUF,defense
TRUE,62,0.00139691777983176,0.000287801308688548,0.000832827214802208,0.00196100834486132,BUF,defense
TRUE,63,0.00140090994757808,0.000291252692465045,0.000830054670346592,0.00197176522480957,BUF,defense
TRUE,64,0.00140493689806508,0.000294924384357646,0.000826885104724096,0.00198298869140607,BUF,defense
TRUE,65,0.00140900234334157,0.000298813706747054,0.000823327478117341,0.00199467720856579,BUF,defense
TRUE,66,0.00141310916637172,0.000302917233995884,0.000819391387739786,0.00200682694500365,BUF,defense
TRUE,67,0.00141725946360696,0.000307231017776684,0.000815086668764661,0.00201943225844926,BUF,defense
TRUE,68,0.00142145458988096,0.000311750801104402,0.000810423019716333,0.00203248616004559,BUF,defense
TRUE,69,0.00142569520526684,0.000316472208162677,0.000805409677267994,0.00204598073326569,BUF,defense
TRUE,70,0.00142998132352257,0.000321390900522752,0.000800055158497975,0.00205990748854716,BUF,defense
TRUE,71,0.00143431236174667,0.000326502693983361,0.000794367081539286,0.00207425764195406,BUF,defense
TRUE,72,0.00143868719087264,0.000331803633712089,0.000788352068796948,0.00208902231294834,BUF,defense
TRUE,73,0.00144310418664114,0.000337290028424108,0.000782015730929889,0.00210419264235239,BUF,defense
TRUE,74,0.00144756128070615,0.000342958446856594,0.000775362724867227,0.00211975983654507,BUF,defense
TRUE,75,0.00145205601155088,0.000348805681717909,0.000768396875383775,0.00213571514771798,BUF,defense
TRUE,76,0.00145658557491169,0.000354828687598975,0.000761121347217704,0.00215204980260568,BUF,defense
TRUE,77,0.00146114687343219,0.000361024500060794,0.000753538853313032,0.00216875489355135,BUF,defense
TRUE,78,0.00146573656529441,0.000367390143316198,0.000745651884394661,0.00218582124619416,BUF,defense
TRUE,79,0.00147035111159928,0.000373922533684078,0.000737462945578485,0.00220323927762007,BUF,defense
TRUE,80,0.00147498682229331,0.000380618385397042,0.000728974786915106,0.00222099885767151,BUF,defense
TRUE,81,0.00147963990046343,0.000387474124479457,0.000720190616483693,0.00223908918444316,BUF,defense
TRUE,82,0.00148430648484576,0.000394485815369621,0.000711114286721306,0.00225749868297022,BUF,defense
TRUE,83,0.00148898269041756,0.000401649103820024,0.000701750446930308,0.0022762149339048,BUF,defense
TRUE,84,0.0014936646469638,0.000408959178446094,0.000692104657209453,0.00229522463671814,BUF,defense
TRUE,85,0.00149834853553172,0.000416410752170239,0.000682183461278054,0.00231451360978539,BUF,defense
TRUE,86,0.00150303062270677,0.000423998063774081,0.000671994417709575,0.00233406682770397,BUF,defense
TRUE,87,0.00150770729266314,0.000431714898866463,0.000661546090884875,0.00235386849444141,BUF,defense
TRUE,88,0.00151237507696042,0.000439554628822867,0.000650848004467602,0.00237390214945324,BUF,defense
TRUE,89,0.00151703068207534,0.000447510265666955,0.000639910561368109,0.00239415080278257,BUF,defense
TRUE,90,0.00152167101467397,0.000455574530449744,0.000628744934992472,0.00241459709435547,BUF,defense
TRUE,91,0.00152629320464476,0.00046373993242987,0.000617362937082214,0.00243522347220731,BUF,defense
TRUE,92,0.00153089462592756,0.000471998856256191,0.000605776867665423,0.00245601238418969,BUF,defense
TRUE,93,0.00153547291518627,0.000480343654383135,0.000593999352595321,0.00247694647777721,BUF,defense
TRUE,94,0.00154002598838552,0.000488766742088299,0.000582043173892457,0.00249800880287859,BUF,defense
TRUE,95,0.00154455205534234,0.000497260692687674,0.000569921097674496,0.00251918301301018,BUF,defense
TRUE,96,0.00154904963233398,0.000505818330834987,0.000557645703897407,0.00254045356077056,BUF,defense
TRUE,97,0.00155351755285219,0.0005144328221257,0.000545229221485817,0.00256180588421856,BUF,defense
TRUE,98,0.00155795497660167,0.000523097757585655,0.00053268337173379,0.00258322658146956,BUF,defense
TRUE,99,0.00156236139684796,0.000531807231992053,0.00052001922214354,0.00260470357155239,BUF,defense
TRUE,100,0.00156673664622543,0.000540555915337743,0.000507247052163458,0.00262622624028741,BUF,defense
